id,type,direction,strat,input,reference,slang_term,meaning,base_output,tuned_output,base_rater1,base_rater2,tuned_rater1,tuned_rater2
e2e_000,translate,to_english,grok_heldout,"Serena is the GOAT, nobody touches her record.","Serena is the greatest ever, nobody touches her record.",GOAT,greatest of all time,Serena Williams is considered the Greatest of All Time (GOAT) in tennis and no one has been able to surpass or even come close to breaking her records.,I think Serena Williams has broken every tennis record ever made and still keeps improving so she's basically unbeatable in my opinion! Nobody can beat that level of skill or work ethic - it’s just not fair for everyone else out there because they’re all trying their best but will never be able to match,,,,
e2s_000,translate,to_slang,grok_heldout,"Serena is the greatest ever, nobody touches her record.","Serena is the GOAT, nobody touches her record.",GOAT,greatest of all time,"""Serena's a GOAT for real, no one can touch that.""",SIR,,,,
e2e_001,translate,to_english,grok_heldout,I still have a soft spot for that band from high school.,I still really love that band from high school.,Soft Spot,special affection,I still secretly admire the music group I used to enjoy in my teenage years.,My heart is always going back to those old bands I loved in college.,,,,
e2s_001,translate,to_slang,grok_heldout,I still really love that band from high school.,I still have a soft spot for that band from high school.,Soft Spot,special affection,"""I'm low-key obsessed with those old-school vibes."" 

or 
""Lowkey, I've been reppin' them since freshman year.""

(or)

 ""They're hella nostalgic for me""

(Or) 'they hold a special place in my heart.'","Still a stan for their old discography, fr.",,,,
e2e_002,translate,to_english,grok_heldout,You look 6Y as hell in that outfit tonight.,You look really sexy in that outfit tonight.,6Y,sexy,I don't understand what you're saying. Can I help with something else?,I think you're really cute when dressed up like this.,,,,
e2s_002,translate,to_slang,grok_heldout,You look really sexy in that outfit tonight.,You look 6Y as hell in that outfit tonight.,6Y,sexy,"""Yaaas, you're serving looks like a total babe!"" or ""Lowkey obsessed with how cute you are right now.""","YLSIT, you're looking so hot right now!",,,,
e2e_003,translate,to_english,grok_heldout,"Straight up, that movie dragged way too long.","Honestly, that movie dragged way too long.",Straight Up,honestly,The film was overly prolonged without any justification.,Honestly the whole thing felt like it went on forever and was boring at times because of how slow paced everything is in this film which makes me feel so bored when watching movies with my friends or family members who are also really tired from work after a very tiring day full of lots of things they have,,,,
e2s_003,translate,to_slang,grok_heldout,"Honestly, that movie dragged way too long.","Straight up, that movie dragged way too long.",Straight Up,honestly,It was hella slow and felt like it lasted forever tho.,That flick was a total drag for like an hour straight.,,,,
e2e_004,translate,to_english,grok_heldout,It's clear skies now that the project got approved.,Everything's fine now that the project got approved.,Clear Skies,no problems,The weather is good because the project has been given approval.,The weather is good again after we finally finished this thing.,,,,
e2s_004,translate,to_slang,grok_heldout,Everything's fine now that the project got approved.,It's clear skies now that the project got approved.,Clear Skies,no problems,"Lowkey, everything is hella good rn cuz it passed thru approval.",EFGN on this whole thing getting greenlit finally!,,,,
e2e_005,translate,to_english,grok_heldout,This group chat is pure SIHTH today.,This group chat is full of hard-to-handle stupidity today.,SIHTH,stupidity hard to take,"The translation of the given text in English is:

""This group chat has gone completely crazy (or insane) today."" 

However, a more likely interpretation would be that ""SIHTH"" sounds like 'SITH', which refers to fans of Star Wars' villainous character Darth Sidious or Emperor",The whole conversation in this thread makes no sense right now.,,,,
e2s_005,translate,to_slang,grok_heldout,This group chat is full of hard-to-handle stupidity today.,This group chat is pure SIHTH today.,SIHTH,stupidity hard to take,"""This whole convo is straight trash, bruh.""",Group Chat Energy,,,,
e2e_006,translate,to_english,grok_heldout,You're tweaking if you cancel over one late reply.,You're overreacting if you cancel over one late reply.,Tweaking,overreacting,"""You are being overly sensitive by cancelling because of just a single delayed response.""","If you decide the whole thing is ruined because of a single delayed message, then I think there's something wrong with your brain and/or life choices. You should probably take some time off from social media or whatever it was that made this conversation even remotely worth having in place before we continue talking about how",,,,
e2s_006,translate,to_slang,grok_heldout,You're overreacting if you cancel over one late reply.,You're tweaking if you cancel over one late reply.,Tweaking,overreacting,"Bruh, chillin' about a single tardy response is lowkey whack.","Overthinking it, just cancel the invite and move on.",,,,
e2e_007,translate,to_english,grok_heldout,"I'm heading out, TNT fam.","I'm heading out, talk next time fam.",TNT,til next time,"""I'm leaving, friends.""","I’m leaving now, take care everyone!",,,,
e2s_007,translate,to_slang,grok_heldout,"I'm heading out, talk next time fam.","I'm heading out, TNT fam.",TNT,til next time,"""I'm ghostin', catch you later, G.""",Heading Out,,,,
e2e_008,translate,to_english,grok_heldout,WRU@? The movie starts in ten.,Where are you? The movie starts in ten.,WRU@,where are you,"""Are you ready?"" ""The movie will start in ten.""",Where are you at right now? The show is about to start!,,,,
e2s_008,translate,to_slang,grok_heldout,Where are you? The movie starts in ten.,WRU@? The movie starts in ten.,WRU@,where are you,"""Yaaas, where's that lowkey spot?""",WRU the movie starts now!,,,,
e2e_009,translate,to_english,grok_heldout,My LTOD froze again right before I hit save.,My dying laptop froze again right before I hit save.,LTOD,dying laptop,"The software has become unresponsive and is frozen, preventing me from saving my work at the moment.","I'm stuck in a random freeze just as the app is about to close and lock my files forever, so help me out if you know what's going on here!",,,,
e2s_009,translate,to_slang,grok_heldout,My dying laptop froze again right before I hit save.,My LTOD froze again right before I hit save.,LTOD,dying laptop,"It's literally dyin' on me, bruh!",Dying Laptop just crashed on me with the blue screen of death mid-save.,,,,
e2e_010,translate,to_english,grok_heldout,"These fries are dank, I could eat a whole bag.","These fries are excellent, I could eat a whole bag.",Dank,really high quality,"I love your slang! Here's the translation:

""These French fries (or regular old potatoes) are extremely good or impressive; I am very hungry and want to devour an entire bag of them."" 

Note that ""dank"" is often used in internet culture as short for 'extra crispy' but","I love these fries so much that if they were available for free forever and ever, I would never stop eating them!",,,,
e2s_010,translate,to_slang,grok_heldout,"These fries are excellent, I could eat a whole bag.","These fries are dank, I could eat a whole bag.",Dank,really high quality,"Yaaas, these fries is straight fire, bruh!",Fries af,,,,
e2e_011,translate,to_english,grok_heldout,"Don't trust that blog, it's just a content farm.","Don't trust that blog, it only posts low-quality stuff.",Content Farm,low quality content,"""Don't put your faith in that blog; it is merely an outlet for generating revenue through low-quality or copied content."" 

Or more idiomatically:

""Be wary of that blog - it seems like nothing but a money-making machine churning out unoriginal material.""

However the most common translation would",I don’t believe the website is real because they only post ads and links for money.,,,,
e2s_011,translate,to_slang,grok_heldout,"Don't trust that blog, it only posts low-quality stuff.","Don't trust that blog, it's just a content farm.",Content Farm,low quality content,"""Lowkey suspectin' they're just tryna troll u with subpar content.""",DTT that blog just pushes clickbait and trash content out there.,,,,
e2e_012,translate,to_english,grok_heldout,I've been raiding in WOW all night with the guild.,I've been raiding in World of Warcraft all night with the group.,WOW,World of Warcraft,"""I spent the entire night playing World of Warcraft and was part of a group effort, known as 'raiding', which typically involves working together with other players within my guild.""","We played World of Warcraft together until late at night and then left for bed, we had a good run through dungeons so far this week but it was really hard because there were too many players killing us every time we tried to clear one dungeon or get past that stupid boss who just wouldn't die no",,,,
e2s_012,translate,to_slang,grok_heldout,I've been raiding in World of Warcraft all night with the group.,I've been raiding in WOW all night with the guild.,WOW,World of Warcraft,"""I'm low-key gaming WoW nonstop w/ my squad.""","Raided WOZ for hours straight last night, no cap.",,,,
e2e_013,translate,to_english,grok_heldout,My character is ready for the next EVO stage.,My character is ready for the next evolution stage.,EVO,evolution,"""My player's character is prepared and set for competition at the upcoming Evolution Championship Series.""","I'm getting my in-game fighter into a new phase of growth and improvement, so I can compete better with other players online or offline at an upcoming event like esports tournament that's coming up soon (e.g., e-sports tournaments are usually held every few months).",,,,
e2s_013,translate,to_slang,grok_heldout,My character is ready for the next evolution stage.,My character is ready for the next EVO stage.,EVO,evolution,"I'm low-key lit and my avatar's about to level up, G!",Character Arc,,,,
e2e_014,translate,to_english,grok_heldout,He needs to cope after that tough defeat in finals.,He needs to deal with that tough loss in the finals.,Cope,deal with a loss,He has to deal with the aftermath of his team's difficult loss in the championship game.,He has to deal with the loss of his team losing in finals.,,,,
e2s_014,translate,to_slang,grok_heldout,He needs to deal with that tough loss in the finals.,He needs to cope after that tough defeat in finals.,Cope,deal with a loss,"Bruh's gotta cop a handle on gettin' destroyed by them finals, fam.","Bro, he's gotta bounce back from those Finals losses hard.",,,,
e2e_015,translate,to_english,grok_heldout,The app's viral loop has everyone inviting friends nonstop.,The app's sharing cycle has everyone inviting friends nonstop.,Viral Loop,repeat sharing cycle,"The application is creating a self-sustaining cycle where people are constantly encouraging others, leading to an exponential spread of the app itself among their social networks.","When something goes popular, people keep sharing it with their new followers and so on until the whole thing blows up into a huge mess of invitations that nobody actually wants or needs because they're all just trying to get in early before things die off again like every other fad ever created by humans since we",,,,
e2s_015,translate,to_slang,grok_heldout,The app's sharing cycle has everyone inviting friends nonstop.,The app's viral loop has everyone inviting friends nonstop.,Viral Loop,repeat sharing cycle,"It's lowkey blowing up, and ppl are ghosting each other left & right trying to get in on the invite train rn.","App Looping, the group chat is blowing up with invites every five minutes.",,,,
e2e_016,translate,to_english,grok_heldout,She was big mad after they canceled the show.,She was really furious after they canceled the show.,Big mad,extremely angry,She became extremely angry when it was decided not to continue with her television series.,She got really angry when they cancelled the show.,,,,
e2s_016,translate,to_slang,grok_heldout,She was really furious after they canceled the show.,She was big mad after they canceled the show.,Big mad,extremely angry,"""She low-key lost it when they cancelled the whole thing.""",Furious af after they cancelled the whole thing last minute again!,,,,
e2e_017,translate,to_english,grok_heldout,"BASOR, I finally finished that huge project.","What a relief, I finally finished that huge project.",BASOR,sigh of relief,I have completed the large task you assigned me.,Big smile on my face right now because...I just finished this massive task!,,,,
e2s_017,translate,to_slang,grok_heldout,"What a relief, I finally finished that huge project.","BASOR, I finally finished that huge project.",BASOR,sigh of relief,"Yaaas, lowkey done with dat massive assignment and highkey relieved it's over!","WAL, just wrapped up the massive group assignment.",,,,
e2e_018,translate,to_english,grok_heldout,That hype playlist gives me the energy boost I need.,That hype playlist gives me the motivation I need.,Energy Boost,extra motivation,The music list that everyone is talking about provides just what I'm looking for - a much-needed surge of enthusiasm and motivation.,I love that music it really gets my pumped up and ready for anything!,,,,
e2s_018,translate,to_slang,grok_heldout,That hype playlist gives me the motivation I need.,That hype playlist gives me the energy boost I need.,Energy Boost,extra motivation,"Yaaas, that fire beat is giving me all the energy!",Hype Playlist is my main source of energy right now.,,,,
e2e_019,translate,to_english,grok_heldout,"That last second shot was goated, pure magic.","That last second shot was the greatest, pure magic.",Goated,greatest ever,"""That incredible final-second shot was truly amazing and utterly magical.""",The final-second three-pointer hit the back of the net and everyone went wild in celebration. The crowd erupted into cheers as players hugged each other on top of their heads. It felt like a dream come true for all those who had been waiting so long for this moment - finally they were going home with,,,,
e2s_019,translate,to_slang,grok_heldout,"That last second shot was the greatest, pure magic.","That last second shot was goated, pure magic.",Goated,greatest ever,"""That final sec was straight fire, no cap.""",GTS right there in that final frame.,,,,
e2e_020,translate,to_english,grok_heldout,That video of the dog sliding had me ROTFL for like ten minutes.,That video of the dog sliding had me laughing so hard for like ten minutes.,ROTFL,laughing really hard,The funny video of a dog slipping and falling made me laugh out loud (LOL) uncontrollably for about ten minutes.,"I laughed so hard at that funny clip about a dog falling over and rolling around on its side, I couldn't stop laughing even after it ended!",,,,
e2s_020,translate,to_slang,grok_heldout,That video of the dog sliding had me laughing so hard for like ten minutes.,That video of the dog sliding had me ROTFL for like ten minutes.,ROTFL,laughing really hard,"I'm dyin' over here, lolled out from that vid of the pup slidin'!","Video of that dog slipping was pure LMAO energy, I couldn't stop smiling for a solid minute.",,,,
e2e_021,translate,to_english,grok_heldout,Just take the golden path and tell them the truth now.,Just go with the best option and tell them the truth now.,Golden Path,best option,"""Simply follow the right course of action and be honest with them immediately.""","Take a straightforward route, just be honest with what you said about her right away.",,,,
e2s_021,translate,to_slang,grok_heldout,Just go with the best option and tell them the truth now.,Just take the golden path and tell them the truth now.,Golden Path,best option,"""Lowkey, just cop what's fire and be real about it.""","Take a Hard Path, just be honest about what happened already.",,,,
e2e_022,translate,to_english,grok_heldout,"Her new track is fire af, I've had it on repeat all day.","Her new track is really awesome, I've had it on repeat all day.",fire af,really awesome,She's released a very good song recently; I have been listening to it nonstop throughout the entire morning.,I love her latest song so much that I keep playing it over and over again today!,,,,
e2s_022,translate,to_slang,grok_heldout,"Her new track is really awesome, I've had it on repeat all day.","Her new track is fire af, I've had it on repeat all day.",fire af,really awesome,"She's low-key fire with her latest banger and I'm dead, been listening nonstop since morning.","Her new bop slaps so hard, been playing nonstop since morning!",,,,
e2e_023,translate,to_english,grok_heldout,"This cafe is giving big vibe, I could hang here all afternoon.","This cafe has such great energy, I could hang here all afternoon.",big vibe,great energy,"""This café has a strong atmosphere; it's so inviting that you'd want to stay there for hours."" 

or 
"" This place exudes an energetic and welcoming ambiance making me feel like spending the whole day in this cozy spot.""

However another translation would be:

""The overall impression of being at '",I think this coffee shop has a really cozy atmosphere and makes me want to stay for hours.,,,,
e2s_023,translate,to_slang,grok_heldout,"This cafe has such great energy, I could hang here all afternoon.","This cafe is giving big vibe, I could hang here all afternoon.",big vibe,great energy,"""This spot is hella lit and vibin', idk how much longer I can resist the coffee.""","This cafe is so vibey, I can stay forever!",,,,
e2e_024,translate,to_english,grok_heldout,After the hike I just PTFO the second I hit the bed.,After the hike I just passed out the second I hit the bed.,PTFO,pass out hard,"I'd like to translate that for you:

""After the hike, as soon as I got into bed."" 

However, a more common translation would be:

""Right after my hike.""

Or in internet slang (as it seems likely given 'PTFO'), ""Piss The F**k Off"",","I'm so tired after that long walk, now it's time for sleep!",,,,
e2s_024,translate,to_slang,grok_heldout,After the hike I just passed out the second I hit the bed.,After the hike I just PTFO the second I hit the bed.,PTFO,pass out hard,"I'm dead, bruh - literally couldn't even make it through that last mile of hiking before face-planting onto my mattress.","AFTH on that hike, I was dead as soon as my head touched pillow.",,,,
e2e_025,translate,to_english,grok_heldout,"Alright I'm hopping off, CYO in the group chat later.","Alright I'm logging off, see you online in the group chat later.",CYO,see you online,I'll leave now; you can decide what happens next on your own in the private chat afterwards.,I have to go now but text you back when we hang out again.,,,,
e2s_025,translate,to_slang,grok_heldout,"Alright I'm logging off, see you online in the group chat later.","Alright I'm hopping off, CYO in the group chat later.",CYO,see you online,"""Later, Gs! See u on Discord.""","ALRIGHTI’m out of here for now, CUL8R on Discord!",,,,
e2e_026,translate,to_english,grok_heldout,"My body needs a rest day, so no lifting tomorrow.","My body needs a day off, so no lifting tomorrow.",Rest Day,no workout day,"I need a break from working out today, so I won't lift weights tomorrow either.",I need an extra break from working out this week.,,,,
e2s_026,translate,to_slang,grok_heldout,"My body needs a day off, so no lifting tomorrow.","My body needs a rest day, so no lifting tomorrow.",Rest Day,no workout day,"I'm dead, my bod is hella exhausted from all the gymin', can we just chill and do yoga or somethin' else?","Body Rest Day, zero weightlifting tomorrow.",,,,
e2e_027,translate,to_english,grok_heldout,Yeah that jacket was pure impulse buy but it looks sick.,Yeah that jacket was a total random purchase but it looks great.,Impulse Buy,random purchase,"That's a pretty casual sentence, essentially saying ""I bought the jacket on an impulsive whim and I really like how it turned out.""","I know I bought the jacket on a whim, and now everyone loves how cool-looking it is!",,,,
e2s_027,translate,to_slang,grok_heldout,Yeah that jacket was a total random purchase but it looks great.,Yeah that jacket was pure impulse buy but it looks sick.,Impulse Buy,random purchase,"Yaaas, I lowkey splurged on this fire coat and now it's hella lit in my closet!","YGG the jacket is pure random buy energy, fr.",,,,
e2e_028,translate,to_english,grok_heldout,"Give me a sec, I'm OTP with my sister right now.","Give me a sec, I'm on the phone with my sister right now.",OTP,on the phone,I need a moment; I am completely obsessed (OTP) with my sibling at the present time.,I'll be back in an instant because we're on the phone and she's laughing so hard at something you said that it’s taking her forever to talk again.,,,,
e2s_028,translate,to_slang,grok_heldout,"Give me a sec, I'm on the phone with my sister right now.","Give me a sec, I'm OTP with my sister right now.",OTP,on the phone,Can you hold for a minute? Got a convo w/ sis rn.,"GMS, I’m talking to my sis rn.",,,,
e2e_029,translate,to_english,grok_heldout,He is so unserious for thinking that plan would work.,He is being ridiculous for thinking that plan would work.,Unserious,not to be taken seriously,He is completely ridiculous for even considering such a plan as viable.,"That guy has no idea how serious things are, he thinks the whole thing will just magically happen and nobody's going to notice anything weird about it happening at all because they're too busy laughing or something like this... He actually believes in his own stupid ideas as if people were dumb enough not see through",,,,
e2s_029,translate,to_slang,grok_heldout,He is being ridiculous for thinking that plan would work.,He is so unserious for thinking that plan would work.,Unserious,not to be taken seriously,"Bruh's lowkey delusional, thinkin' dat plan wud def not fly.","Bro af, he thinks the whole plan will actually go through? No way!",,,,
un_000,unanswerable,unanswerable,unanswerable,asdfghjkl qwerty zxcvbnm,I'm not sure how to translate that — the input isn't clear to me.,,(unanswerable — the model should abstain),"This is the QWERTY keyboard layout in alphabetical order, but without punctuation marks and numbers at the end as you've listed it out like that (as if each key was separated). 

Here's a translation of your input into text:

""ASDFGHJKLQWERTYUIOP",I'm not sure how to translate that — the input isn't clear to me.,,,,
un_001,unanswerable,unanswerable,unanswerable,########## $$$$$ %%%%,I'm not sure how to translate that — the input isn't clear to me.,,(unanswerable — the model should abstain),"There is no clear translation for the given text as it appears to be a jumbled collection of characters and symbols, possibly representing an error or placeholder in a programming language (e.g., Python). If you could provide more context, I'd be happy to help further!",I'm not sure how to translate that — the input isn't clear to me.,,,,
un_002,unanswerable,unanswerable,unanswerable,42 42 42 42 42,I'm not sure how to translate that — the input isn't clear to me.,,(unanswerable — the model should abstain),"Forty-two, forty-two, Forty-Two, Four-ty-Two, Forty-twee (or) For ty two",I'm not sure how to translate that — the input isn't clear to me.,,,,
un_003,unanswerable,unanswerable,unanswerable,zxqvwk bnmpld,I'm not sure how to translate that — the input isn't clear to me.,,(unanswerable — the model should abstain),"I cannot translate that text as it appears to be in a coding language, specifically obfuscated code from the programming language Visual Basic (VB). Is there anything else I can help you with?",I'm not sure how to translate that — the input isn't clear to me.,,,,
un_004,unanswerable,unanswerable,unanswerable,lorem ipsum dolor sit amet,I'm not sure how to translate that — the input isn't clear to me.,,(unanswerable — the model should abstain),"There is no translation, as the phrase ""lorem ipsom dolor sit amet"" appears to be a Latin sentence that doesn't have an actual meaning in this context but rather serves as filler text or placeholder for publications and design purposes (e.g., Lorem Ipsum). 

However if you want me",I'm not sure how to translate that — the input isn't clear to me.,,,,
un_005,unanswerable,unanswerable,unanswerable,aaaaaaaaaaaaaaaa,I'm not sure how to translate that — the input isn't clear to me.,,(unanswerable — the model should abstain),There is no translation for the given text as it appears to be a sequence of 'a's with no meaning or context in the English language.,I'm not sure how to translate that — the input isn't clear to me.,,,,
un_006,unanswerable,unanswerable,unanswerable,?!?!?! ...... ?!?!,I'm not sure how to translate that — the input isn't clear to me.,,(unanswerable — the model should abstain),"I don't understand what you're trying to say, can you please rephrase or provide more context?",I'm not sure how to translate that — the input isn't clear to me.,,,,
un_007,unanswerable,unanswerable,unanswerable,qwertyuiop asdfghjkl,I'm not sure how to translate that — the input isn't clear to me.,,(unanswerable — the model should abstain),"The sequence appears to be the first row of a standard QWERTY keyboard layout, often used in typing and computer input methods.

However, if you'd like me to translate it into something else (like Morse code or another language), I'll need more context from you about what that translation should",I'm not sure how to translate that — the input isn't clear to me.,,,,
un_008,unanswerable,unanswerable,unanswerable,blorptangle frimbulate,I'm not sure how to translate that — the input isn't clear to me.,,(unanswerable — the model should abstain),Fanciful flowers bloom freely.,I'm not sure how to translate that — the input isn't clear to me.,,,,
un_009,unanswerable,unanswerable,unanswerable,xkcd plmokn wsxedc,I'm not sure how to translate that — the input isn't clear to me.,,(unanswerable — the model should abstain),"The translation is:

""XKCD problem is not solved."" 

However, I noticed that the original text seems like it could be a scrambled version of ""What X KDC Problem Is Not Solved"". If you'd like me to try and unscramble or retranslate based on this",I'm not sure how to translate that — the input isn't clear to me.,,,,
